Temperature,Humidity,Precipitation,pH,Fertilizer,NDVI,PredictedYield
25.4,60,12,6.5,20,0.0,3.1190000000000024
30.1,55,8,5.8,25,0.3,3.0310000000000024
28.7,70,15,6.2,30,0.1,3.0190000000000032
